highest,episode,time
1,25,00:00:00
2,27,00:00:01
3,33,00:00:10
4,35,00:00:11
5,39,00:00:22
6,43,00:01:02
7,46,00:01:04
8,67,00:02:07
9,69,00:02:08
10,71,00:02:12
11,72,00:02:14
12,76,00:02:28
13,79,00:02:35
14,82,00:02:57
15,91,00:03:09
16,94,00:03:12
17,106,00:03:53
18,108,00:04:01
19,117,00:04:11
20,122,00:04:22
21,130,00:04:57
22,134,00:05:00
23,136,00:05:03
24,138,00:05:11
25,168,00:05:54
26,169,00:05:54
27,178,00:06:11
28,179,00:06:12
29,216,00:07:53
30,259,00:09:51
31,261,00:09:54
32,267,00:09:56
33,281,00:10:18
34,291,00:11:00
35,421,00:15:19
36,423,00:15:23
37,425,00:15:24
38,434,00:15:53
39,435,00:15:54
40,439,00:16:01
41,445,00:16:08
42,447,00:16:09
43,448,00:16:10
44,465,00:16:51
45,480,00:17:17
46,481,00:17:20
47,482,00:17:41
48,525,00:19:07
49,527,00:19:09
50,539,00:19:41
51,899,00:30:13
52,900,00:30:16
53,926,00:31:10
54,1150,00:38:57
55,1151,00:38:58
56,1153,00:39:04
57,2004,01:03:18
58,2007,01:03:22
59,2011,01:03:25
60,2421,01:14:10
61,2429,01:14:15
62,2589,01:17:55
63,2637,01:18:57
64,2642,01:19:01
65,2782,01:22:37
66,2783,01:22:38
67,2798,01:22:45
